id,area
1,N
2,N
3,N
4,N
5,N
6,N
7,N
8,N
9,N
10,N
11,N
12,N
13,W
14,W
15,W
16,W
17,C
18,C
19,C
20,C
21,E
22,E
23,E
24,E
25,W
26,W
27,W
28,W
29,C
30,C
31,C
32,C
33,E
34,E
35,E
36,E
37,S
38,S
39,S
40,S
41,S
42,S
43,S
44,S
45,S
46,S
47,S
48,S
